{
  "project_info": {
    "project_number": "222970281737",
    "project_id": "projetoquiz-853b9",
    "storage_bucket": "projetoquiz-853b9.appspot.com"
  },
  "client": [
    {
      "client_info": {
        "mobilesdk_app_id": "1:222970281737:android:71cd8a5c57b4dcf97b9dd8",
        "android_client_info": {
          "package_name": "ipca.projeto.projetoquiz"
        }
      },
      "oauth_client": [],
      "api_key": [
        {
          "current_key": "AIzaSyAQuJ65cNfpSNvCX9jfz-6HcW05O8fkjg4"
        }
      ],
      "services": {
        "appinvite_service": {
          "other_platform_oauth_client": []
        }
      }
    }
  ],
  "configuration_version": "1"
}